0,1,2,3,4,5,6,7,8,9,10,11,12,13,14,15,16,17,18,19,20,21,22,23,24,25,26,27,28,29,30,31,32,33,34,35,36,37,38,39,40,41,42,43,44,45,46,47,48,49,50,51,52,53,54,55,56,57,58,59,60,61,62,63,64,65,66,67,68,69,70,71,72,73,74,75,76,77,78,79,80,81,82,83,84,85,86,87,88,89,90,91,92,93,94,95,96,97,98,99,100,101,102,103,104,105,106,107,108,109,110,111,112,113,114,115,116,117,118,119,120,121,122,123,124,date,125,126,127,128
9.0,10.0,6.0,4.0,4.0,13.0,7.0,4.0,6.0,5.0,7.0,3.0,4.0,3.0,8.0,4.0,7.0,6.0,4.0,8.0,6.0,10.0,9.0,10.0,6.0,7.0,10.0,6.0,9.0,8.0,13.0,5.0,8.0,3.0,11.0,14.0,4.0,4.0,3.0,2.0,3.0,5.0,4.0,10.0,13.0,7.0,4.0,4.0,14.0,7.0,5.0,5.0,13.0,12.0,13.0,8.0,5.0,12.0,8.0,8.0,9.0,12.0,5.0,16.0,11.0,2.0,16.0,3.0,10.0,2.0,15.0,11.0,3.0,3.0,3.0,2.0,3.0,15.0,5.0,3.0,12.0,3.0,5.0,2.0,3.0,3.0,14.0,5.0,6.0,7.0,4.0,3.0,4.0,8.0,6.0,7.0,5.0,4.0,4.0,12.0,8.0,8.0,8.0,7.0,7.0,6.0,4.0,9.0,7.0,9.0,6.0,8.0,9.0,7.0,23.0,8.0,7.0,5.0,18.0,28.0,8.0,10.0,14.0,12.0,13.0,2023-06-06 13:09:22.661882+00:00,10.0,12.0,7.0,4.0
11.0,13.0,4.0,14.0,13.0,7.0,5.0,6.0,7.0,11.0,12.0,3.0,8.0,18.0,19.0,14.0,4.0,3.0,4.0,7.0,11.0,8.0,9.0,6.0,6.0,9.0,6.0,17.0,18.0,5.0,7.0,6.0,6.0,6.0,14.0,5.0,5.0,3.0,9.0,3.0,11.0,2.0,2.0,6.0,9.0,7.0,3.0,7.0,12.0,8.0,18.0,11.0,9.0,10.0,17.0,15.0,7.0,10.0,9.0,12.0,10.0,18.0,15.0,8.0,9.0,8.0,3.0,10.0,8.0,12.0,11.0,4.0,4.0,8.0,15.0,3.0,4.0,6.0,1.0,4.0,2.0,7.0,9.0,9.0,8.0,4.0,8.0,13.0,7.0,2.0,5.0,5.0,10.0,12.0,8.0,9.0,8.0,6.0,3.0,18.0,16.0,8.0,4.0,3.0,15.0,9.0,12.0,56.0,140.0,3.0,4.0,8.0,16.0,14.0,71.0,42.0,65.0,160.0,9.0,4.0,5.0,11.0,11.0,13.0,13.0,2023-06-09 12:56:51.690468+00:00,17.0,7.0,4.0,7.0
13.0,16.0,5.0,4.0,5.0,12.0,15.0,11.0,12.0,3.0,16.0,17.0,3.0,12.0,4.0,16.0,14.0,11.0,11.0,5.0,6.0,5.0,11.0,11.0,10.0,6.0,11.0,7.0,10.0,9.0,7.0,8.0,15.0,5.0,8.0,12.0,14.0,12.0,8.0,7.0,4.0,3.0,3.0,3.0,7.0,18.0,7.0,13.0,7.0,5.0,8.0,6.0,4.0,5.0,9.0,17.0,9.0,10.0,4.0,8.0,6.0,10.0,5.0,4.0,13.0,7.0,5.0,7.0,18.0,7.0,5.0,7.0,3.0,8.0,14.0,4.0,4.0,6.0,8.0,16.0,6.0,8.0,7.0,3.0,4.0,5.0,4.0,4.0,13.0,10.0,3.0,2.0,6.0,6.0,13.0,9.0,4.0,3.0,3.0,5.0,5.0,18.0,9.0,6.0,6.0,10.0,4.0,5.0,15.0,47.0,17.0,11.0,9.0,3.0,9.0,6.0,53.0,26.0,18.0,13.0,25.0,12.0,18.0,10.0,4.0,2023-06-12 09:30:07.362384+00:00,6.0,14.0,3.0,
14.0,11.0,5.0,10.0,12.0,14.0,10.0,4.0,5.0,13.0,8.0,14.0,9.0,11.0,11.0,6.0,13.0,7.0,3.0,9.0,10.0,5.0,12.0,16.0,3.0,6.0,14.0,12.0,14.0,7.0,16.0,14.0,8.0,9.0,10.0,5.0,2.0,10.0,13.0,7.0,16.0,10.0,16.0,14.0,7.0,7.0,13.0,9.0,9.0,8.0,12.0,15.0,12.0,19.0,14.0,7.0,7.0,4.0,6.0,10.0,15.0,14.0,11.0,9.0,6.0,7.0,6.0,6.0,17.0,8.0,4.0,6.0,5.0,12.0,8.0,13.0,9.0,9.0,5.0,11.0,7.0,14.0,13.0,16.0,12.0,7.0,13.0,6.0,7.0,3.0,3.0,15.0,12.0,10.0,9.0,5.0,17.0,18.0,10.0,17.0,15.0,11.0,5.0,10.0,38.0,7.0,10.0,14.0,11.0,16.0,15.0,8.0,29.0,8.0,11.0,8.0,25.0,9.0,11.0,97.0,12.0,18.0,13.0,12.0,16.0,2023-06-20 17:43:34.430540+00:00,16.0,17.0,14.0,4.0
10.0,18.0,16.0,2.0,1.0,3.0,15.0,8.0,8.0,15.0,5.0,3.0,6.0,2.0,4.0,8.0,6.0,12.0,10.0,10.0,8.0,4.0,21.0,7.0,4.0,5.0,9.0,16.0,14.0,12.0,8.0,15.0,8.0,2.0,5.0,3.0,9.0,5.0,8.0,2.0,2.0,3.0,8.0,6.0,11.0,11.0,2.0,5.0,14.0,12.0,14.0,3.0,3.0,9.0,3.0,19.0,4.0,19.0,16.0,8.0,18.0,18.0,15.0,6.0,7.0,12.0,8.0,15.0,11.0,9.0,2.0,5.0,5.0,12.0,7.0,3.0,2.0,8.0,11.0,5.0,3.0,5.0,10.0,9.0,2.0,4.0,18.0,9.0,9.0,11.0,12.0,15.0,4.0,9.0,12.0,12.0,4.0,3.0,6.0,5.0,19.0,5.0,4.0,15.0,6.0,3.0,2.0,42.0,35.0,8.0,5.0,7.0,25.0,2.0,9.0,6.0,3.0,3.0,37.0,3.0,7.0,9.0,16.0,15.0,17.0,2023-06-21 17:42:08.788306+00:00,13.0,10.0,11.0,
4.0,5.0,8.0,4.0,3.0,4.0,2.0,4.0,2.0,11.0,14.0,11.0,5.0,15.0,5.0,5.0,10.0,2.0,1.0,7.0,11.0,5.0,10.0,13.0,11.0,4.0,12.0,17.0,11.0,13.0,14.0,20.0,6.0,2.0,11.0,12.0,2.0,6.0,3.0,16.0,7.0,5.0,4.0,3.0,16.0,17.0,2.0,3.0,11.0,6.0,10.0,4.0,13.0,5.0,6.0,3.0,14.0,3.0,8.0,14.0,15.0,13.0,2.0,15.0,13.0,6.0,5.0,8.0,10.0,5.0,6.0,8.0,5.0,5.0,6.0,6.0,5.0,5.0,15.0,5.0,3.0,6.0,2.0,10.0,4.0,8.0,14.0,5.0,17.0,2.0,2.0,16.0,17.0,11.0,16.0,10.0,8.0,15.0,6.0,4.0,9.0,3.0,4.0,2.0,11.0,17.0,19.0,56.0,47.0,37.0,3.0,10.0,22.0,9.0,5.0,29.0,86.0,69.0,77.0,31.0,26.0,23.0,16.0,14.0,11.0,2023-06-23 12:02:30.912878+00:00,11.0,3.0,12.0,2.0
13.0,7.0,15.0,3.0,11.0,2.0,3.0,15.0,8.0,7.0,16.0,3.0,3.0,10.0,2.0,9.0,20.0,2.0,2.0,10.0,7.0,12.0,7.0,16.0,2.0,8.0,8.0,9.0,19.0,7.0,18.0,17.0,8.0,12.0,3.0,13.0,2.0,10.0,11.0,7.0,6.0,2.0,4.0,2.0,13.0,15.0,2.0,3.0,2.0,5.0,2.0,8.0,8.0,3.0,2.0,11.0,9.0,2.0,4.0,3.0,2.0,6.0,17.0,7.0,11.0,12.0,7.0,13.0,2.0,6.0,4.0,11.0,2.0,2.0,12.0,17.0,3.0,5.0,11.0,12.0,11.0,2.0,6.0,10.0,3.0,4.0,4.0,9.0,8.0,17.0,11.0,2.0,5.0,2.0,2.0,4.0,12.0,5.0,4.0,12.0,3.0,11.0,18.0,2.0,9.0,16.0,9.0,67.0,20.0,26.0,17.0,28.0,22.0,18.0,7.0,3.0,138.0,19.0,3.0,23.0,8.0,14.0,3.0,4.0,6.0,2023-07-05 09:27:33.736264+00:00,3.0,6.0,,
9.0,15.0,18.0,3.0,10.0,5.0,3.0,10.0,10.0,6.0,14.0,4.0,10.0,2.0,5.0,14.0,11.0,49.0,4.0,4.0,10.0,13.0,7.0,4.0,5.0,10.0,8.0,10.0,4.0,12.0,18.0,11.0,11.0,3.0,4.0,4.0,4.0,6.0,11.0,12.0,7.0,6.0,4.0,10.0,113.0,94.0,10.0,18.0,12.0,10.0,8.0,7.0,5.0,113.0,5.0,9.0,13.0,5.0,4.0,7.0,6.0,10.0,10.0,6.0,10.0,5.0,76.0,152.0,8.0,6.0,10.0,13.0,6.0,8.0,6.0,16.0,11.0,9.0,69.0,99.0,7.0,7.0,4.0,4.0,15.0,22.0,22.0,8.0,13.0,22.0,6.0,8.0,2.0,19.0,21.0,15.0,118.0,4.0,10.0,,,,,,,,,,,,,,,,,,,,,,,,,,,2023-07-06 12:12:43.230387+00:00,,,,
11.0,10.0,9.0,4.0,2.0,9.0,2.0,6.0,3.0,9.0,4.0,11.0,20.0,4.0,18.0,13.0,14.0,9.0,6.0,8.0,6.0,4.0,14.0,3.0,8.0,6.0,10.0,13.0,4.0,7.0,5.0,6.0,14.0,11.0,2.0,9.0,2.0,2.0,12.0,2.0,6.0,9.0,5.0,8.0,20.0,15.0,10.0,5.0,15.0,6.0,7.0,16.0,12.0,15.0,12.0,16.0,11.0,8.0,6.0,10.0,14.0,20.0,12.0,11.0,14.0,5.0,15.0,4.0,12.0,2.0,4.0,4.0,7.0,2.0,11.0,4.0,7.0,6.0,4.0,2.0,5.0,18.0,9.0,3.0,4.0,9.0,13.0,10.0,2.0,10.0,4.0,7.0,7.0,4.0,5.0,5.0,6.0,9.0,8.0,16.0,13.0,6.0,12.0,5.0,3.0,9.0,22.0,125.0,31.0,5.0,5.0,5.0,6.0,36.0,98.0,84.0,33.0,5.0,6.0,8.0,14.0,8.0,7.0,6.0,11.0,2023-07-12 16:53:51.088409+00:00,6.0,,,
13.0,9.0,4.0,12.0,10.0,13.0,7.0,6.0,3.0,3.0,9.0,17.0,13.0,17.0,12.0,15.0,17.0,2.0,2.0,6.0,6.0,3.0,13.0,19.0,3.0,4.0,8.0,14.0,7.0,3.0,4.0,3.0,14.0,10.0,16.0,7.0,2.0,5.0,8.0,15.0,4.0,4.0,14.0,19.0,6.0,6.0,5.0,3.0,17.0,10.0,7.0,10.0,16.0,22.0,17.0,18.0,14.0,13.0,11.0,16.0,16.0,6.0,16.0,16.0,8.0,6.0,10.0,10.0,3.0,7.0,3.0,10.0,5.0,3.0,14.0,10.0,16.0,3.0,3.0,4.0,4.0,4.0,15.0,5.0,12.0,9.0,18.0,10.0,13.0,3.0,3.0,11.0,5.0,7.0,7.0,5.0,4.0,10.0,13.0,16.0,19.0,14.0,13.0,3.0,6.0,4.0,24.0,33.0,3.0,17.0,6.0,6.0,24.0,53.0,76.0,4.0,3.0,2.0,8.0,16.0,14.0,14.0,8.0,3.0,6.0,2023-07-18 14:39:04.197695+00:00,,,,
13.0,14.0,7.0,16.0,10.0,13.0,17.0,11.0,8.0,6.0,5.0,11.0,13.0,11.0,8.0,15.0,15.0,7.0,5.0,5.0,4.0,6.0,13.0,9.0,3.0,8.0,5.0,15.0,14.0,7.0,10.0,9.0,10.0,5.0,14.0,19.0,8.0,7.0,6.0,3.0,7.0,8.0,5.0,5.0,14.0,18.0,7.0,5.0,7.0,4.0,9.0,10.0,14.0,19.0,15.0,10.0,4.0,14.0,4.0,15.0,13.0,18.0,17.0,9.0,5.0,11.0,14.0,8.0,10.0,17.0,6.0,11.0,6.0,13.0,8.0,9.0,9.0,7.0,12.0,9.0,8.0,6.0,4.0,5.0,9.0,6.0,15.0,15.0,10.0,9.0,4.0,4.0,5.0,7.0,5.0,3.0,6.0,11.0,7.0,14.0,15.0,8.0,15.0,6.0,7.0,15.0,21.0,90.0,20.0,13.0,8.0,4.0,10.0,7.0,46.0,20.0,30.0,81.0,128.0,8.0,10.0,5.0,13.0,16.0,19.0,2023-07-21 09:53:31.394415+00:00,15.0,8.0,3.0,
13.0,4.0,3.0,6.0,17.0,17.0,4.0,11.0,6.0,7.0,16.0,10.0,12.0,8.0,2.0,3.0,4.0,13.0,8.0,12.0,10.0,12.0,15.0,5.0,11.0,7.0,13.0,13.0,3.0,5.0,12.0,4.0,5.0,6.0,3.0,3.0,16.0,8.0,4.0,3.0,16.0,18.0,7.0,3.0,9.0,14.0,3.0,4.0,3.0,6.0,15.0,11.0,4.0,3.0,18.0,3.0,5.0,9.0,4.0,11.0,10.0,2.0,6.0,16.0,4.0,5.0,6.0,6.0,3.0,5.0,4.0,2.0,5.0,12.0,15.0,6.0,18.0,3.0,4.0,12.0,3.0,2.0,6.0,18.0,19.0,10.0,10.0,4.0,6.0,12.0,3.0,9.0,10.0,12.0,12.0,11.0,15.0,18.0,6.0,5.0,3.0,8.0,5.0,2.0,13.0,8.0,13.0,16.0,6.0,9.0,1.0,2.0,28.0,16.0,19.0,130.0,16.0,9.0,11.0,5.0,11.0,18.0,17.0,3.0,13.0,2023-07-27 12:46:37.421125+00:00,17.0,3.0,,
5.0,8.0,7.0,5.0,12.0,13.0,13.0,12.0,3.0,3.0,5.0,14.0,12.0,11.0,15.0,9.0,14.0,9.0,3.0,2.0,5.0,6.0,9.0,12.0,3.0,5.0,6.0,14.0,5.0,3.0,3.0,2.0,9.0,9.0,14.0,6.0,5.0,4.0,7.0,3.0,10.0,14.0,20.0,16.0,14.0,4.0,5.0,2.0,5.0,6.0,11.0,4.0,14.0,10.0,13.0,12.0,10.0,9.0,3.0,7.0,16.0,10.0,11.0,5.0,6.0,8.0,7.0,7.0,4.0,3.0,14.0,10.0,9.0,4.0,7.0,14.0,16.0,7.0,9.0,15.0,10.0,3.0,3.0,4.0,14.0,14.0,21.0,18.0,6.0,13.0,3.0,3.0,5.0,5.0,4.0,5.0,15.0,11.0,15.0,15.0,16.0,15.0,14.0,14.0,6.0,13.0,20.0,132.0,30.0,24.0,4.0,2.0,6.0,4.0,12.0,36.0,83.0,45.0,19.0,6.0,5.0,3.0,4.0,14.0,17.0,2023-07-28 10:58:12.621399+00:00,12.0,12.0,4.0,5.0
5.0,8.0,7.0,5.0,12.0,13.0,13.0,12.0,3.0,3.0,5.0,14.0,12.0,11.0,15.0,9.0,14.0,9.0,3.0,2.0,5.0,6.0,9.0,12.0,3.0,5.0,6.0,14.0,5.0,3.0,3.0,2.0,9.0,9.0,14.0,6.0,5.0,4.0,7.0,3.0,10.0,14.0,20.0,16.0,14.0,4.0,5.0,2.0,5.0,6.0,11.0,4.0,14.0,10.0,13.0,12.0,10.0,9.0,3.0,7.0,16.0,10.0,11.0,5.0,6.0,8.0,7.0,7.0,4.0,3.0,14.0,10.0,9.0,4.0,7.0,14.0,16.0,7.0,9.0,15.0,10.0,3.0,3.0,4.0,14.0,14.0,21.0,18.0,6.0,13.0,3.0,3.0,5.0,5.0,4.0,5.0,15.0,11.0,15.0,15.0,16.0,15.0,14.0,14.0,6.0,13.0,20.0,132.0,30.0,24.0,4.0,2.0,6.0,4.0,12.0,36.0,83.0,45.0,19.0,6.0,5.0,3.0,4.0,14.0,17.0,2023-07-28 11:58:28.689981+00:00,12.0,12.0,4.0,5.0
15.0,10.0,6.0,3.0,2.0,19.0,5.0,3.0,8.0,5.0,9.0,3.0,12.0,4.0,11.0,8.0,12.0,17.0,3.0,7.0,7.0,8.0,13.0,11.0,8.0,5.0,8.0,19.0,7.0,8.0,7.0,2.0,14.0,12.0,4.0,2.0,3.0,9.0,15.0,4.0,4.0,2.0,3.0,10.0,2.0,7.0,5.0,8.0,6.0,9.0,4.0,12.0,3.0,17.0,7.0,15.0,15.0,16.0,5.0,8.0,6.0,11.0,14.0,6.0,16.0,10.0,14.0,15.0,6.0,17.0,7.0,14.0,7.0,6.0,2.0,4.0,7.0,4.0,3.0,3.0,2.0,2.0,10.0,4.0,9.0,3.0,7.0,10.0,2.0,13.0,6.0,6.0,9.0,10.0,4.0,4.0,15.0,9.0,3.0,2.0,5.0,4.0,4.0,7.0,6.0,8.0,3.0,2.0,30.0,13.0,15.0,6.0,8.0,13.0,21.0,4.0,61.0,33.0,14.0,19.0,4.0,10.0,7.0,16.0,3.0,2023-07-31 16:39:36.038270+00:00,10.0,6.0,9.0,2.0
3.0,16.0,8.0,17.0,11.0,8.0,7.0,10.0,5.0,8.0,12.0,18.0,4.0,10.0,12.0,4.0,8.0,4.0,12.0,2.0,13.0,8.0,10.0,5.0,10.0,10.0,12.0,16.0,8.0,8.0,5.0,3.0,4.0,17.0,3.0,9.0,4.0,13.0,9.0,13.0,18.0,8.0,13.0,14.0,10.0,15.0,14.0,8.0,5.0,6.0,15.0,5.0,10.0,7.0,4.0,4.0,7.0,15.0,15.0,11.0,17.0,5.0,14.0,13.0,3.0,14.0,7.0,3.0,13.0,10.0,11.0,17.0,5.0,5.0,16.0,13.0,19.0,13.0,16.0,4.0,4.0,16.0,10.0,17.0,10.0,11.0,10.0,4.0,6.0,17.0,13.0,10.0,9.0,15.0,17.0,14.0,4.0,11.0,11.0,3.0,3.0,7.0,15.0,14.0,6.0,16.0,21.0,19.0,47.0,35.0,18.0,8.0,20.0,16.0,37.0,24.0,18.0,115.0,25.0,19.0,7.0,15.0,13.0,11.0,7.0,2023-08-02 11:33:13.597292+00:00,4.0,5.0,9.0,9.0
9.0,5.0,7.0,8.0,6.0,3.0,18.0,13.0,3.0,2.0,6.0,8.0,8.0,12.0,18.0,9.0,6.0,8.0,4.0,4.0,10.0,13.0,12.0,7.0,7.0,7.0,5.0,11.0,9.0,7.0,8.0,10.0,15.0,7.0,4.0,5.0,14.0,10.0,13.0,4.0,4.0,8.0,7.0,15.0,11.0,6.0,4.0,3.0,9.0,6.0,3.0,14.0,5.0,15.0,13.0,11.0,3.0,10.0,5.0,14.0,14.0,11.0,11.0,5.0,1.0,9.0,1.0,14.0,14.0,14.0,10.0,4.0,16.0,11.0,5.0,6.0,3.0,12.0,11.0,15.0,10.0,1.0,6.0,4.0,2.0,10.0,9.0,13.0,15.0,7.0,7.0,7.0,9.0,6.0,14.0,6.0,6.0,7.0,4.0,14.0,14.0,12.0,5.0,10.0,8.0,11.0,18.0,12.0,32.0,14.0,7.0,6.0,12.0,11.0,13.0,33.0,37.0,24.0,37.0,4.0,12.0,14.0,9.0,4.0,18.0,2023-08-08 15:37:26.013296+00:00,2.0,11.0,8.0,
2.0,2.0,3.0,6.0,3.0,2.0,5.0,5.0,4.0,3.0,9.0,7.0,13.0,9.0,4.0,8.0,12.0,13.0,13.0,4.0,6.0,12.0,11.0,3.0,8.0,6.0,16.0,15.0,8.0,4.0,5.0,3.0,3.0,4.0,3.0,3.0,5.0,13.0,2.0,13.0,11.0,6.0,12.0,6.0,4.0,4.0,10.0,6.0,3.0,5.0,5.0,8.0,7.0,9.0,3.0,2.0,11.0,17.0,8.0,10.0,10.0,12.0,10.0,13.0,1.0,5.0,3.0,8.0,5.0,5.0,3.0,2.0,5.0,10.0,3.0,3.0,4.0,6.0,3.0,9.0,2.0,3.0,3.0,8.0,4.0,3.0,5.0,6.0,5.0,14.0,7.0,6.0,5.0,9.0,8.0,8.0,4.0,8.0,5.0,8.0,4.0,8.0,12.0,11.0,7.0,7.0,39.0,3.0,18.0,30.0,7.0,3.0,17.0,22.0,22.0,42.0,33.0,17.0,21.0,32.0,19.0,27.0,13.0,10.0,13.0,2023-08-16 17:17:53.829534+00:00,10.0,9.0,12.0,3.0
14.0,11.0,11.0,2.0,17.0,17.0,9.0,12.0,16.0,14.0,11.0,2.0,4.0,8.0,18.0,15.0,15.0,5.0,13.0,3.0,9.0,9.0,1.0,13.0,7.0,7.0,11.0,5.0,16.0,6.0,4.0,6.0,3.0,3.0,2.0,13.0,18.0,18.0,15.0,12.0,2.0,2.0,3.0,11.0,16.0,11.0,12.0,14.0,2.0,6.0,3.0,3.0,3.0,14.0,12.0,15.0,13.0,10.0,6.0,9.0,13.0,16.0,7.0,3.0,6.0,3.0,10.0,5.0,3.0,16.0,3.0,11.0,12.0,14.0,1.0,2.0,3.0,5.0,19.0,15.0,12.0,13.0,15.0,15.0,2.0,2.0,16.0,12.0,16.0,16.0,13.0,5.0,6.0,7.0,11.0,10.0,14.0,17.0,8.0,12.0,10.0,11.0,7.0,10.0,9.0,14.0,9.0,14.0,16.0,56.0,7.0,6.0,23.0,34.0,6.0,11.0,31.0,35.0,57.0,4.0,28.0,7.0,9.0,2.0,18.0,2023-08-17 10:15:45.682577+00:00,12.0,9.0,5.0,9.0
3.0,3.0,5.0,1.0,3.0,8.0,9.0,3.0,2.0,2.0,3.0,1.0,4.0,5.0,8.0,14.0,13.0,6.0,7.0,4.0,2.0,3.0,1.0,8.0,3.0,4.0,3.0,3.0,7.0,2.0,6.0,6.0,4.0,3.0,13.0,14.0,4.0,5.0,5.0,3.0,3.0,4.0,10.0,7.0,6.0,8.0,4.0,3.0,5.0,1.0,3.0,13.0,3.0,4.0,7.0,14.0,7.0,11.0,2.0,2.0,11.0,15.0,3.0,3.0,3.0,3.0,3.0,3.0,6.0,3.0,8.0,6.0,13.0,8.0,3.0,6.0,3.0,4.0,3.0,7.0,12.0,3.0,3.0,4.0,3.0,7.0,4.0,13.0,8.0,3.0,2.0,6.0,3.0,4.0,2.0,3.0,4.0,2.0,3.0,7.0,14.0,3.0,12.0,4.0,7.0,2.0,1.0,1.0,87.0,30.0,4.0,3.0,3.0,5.0,14.0,2.0,4.0,11.0,6.0,3.0,3.0,2.0,2.0,3.0,2.0,2023-08-21 09:18:20.033431+00:00,2.0,5.0,1.0,
3.0,8.0,5.0,5.0,6.0,17.0,15.0,7.0,11.0,3.0,4.0,6.0,9.0,3.0,7.0,8.0,10.0,7.0,3.0,6.0,3.0,4.0,11.0,12.0,3.0,3.0,9.0,10.0,9.0,16.0,6.0,7.0,12.0,6.0,17.0,14.0,4.0,15.0,13.0,3.0,9.0,7.0,2.0,15.0,7.0,4.0,13.0,6.0,9.0,5.0,3.0,12.0,16.0,14.0,15.0,14.0,6.0,11.0,3.0,14.0,19.0,9.0,17.0,12.0,2.0,4.0,5.0,9.0,2.0,2.0,17.0,16.0,4.0,6.0,6.0,1.0,2.0,4.0,11.0,5.0,8.0,4.0,5.0,3.0,5.0,2.0,13.0,10.0,7.0,9.0,5.0,6.0,4.0,7.0,4.0,6.0,10.0,9.0,9.0,15.0,12.0,12.0,7.0,10.0,4.0,6.0,18.0,32.0,11.0,18.0,14.0,5.0,5.0,8.0,14.0,17.0,29.0,29.0,17.0,13.0,14.0,5.0,5.0,8.0,13.0,2023-08-22 13:19:36.542322+00:00,6.0,9.0,4.0,3.0
6.0,3.0,10.0,6.0,2.0,14.0,2.0,2.0,2.0,4.0,3.0,2.0,14.0,2.0,4.0,11.0,15.0,2.0,13.0,4.0,16.0,12.0,6.0,7.0,11.0,8.0,14.0,19.0,8.0,12.0,12.0,5.0,5.0,2.0,10.0,9.0,8.0,11.0,4.0,8.0,6.0,2.0,13.0,12.0,4.0,4.0,4.0,13.0,8.0,9.0,10.0,8.0,11.0,7.0,11.0,7.0,14.0,14.0,7.0,5.0,3.0,14.0,10.0,8.0,14.0,2.0,3.0,13.0,15.0,3.0,2.0,3.0,2.0,2.0,10.0,2.0,2.0,3.0,2.0,3.0,2.0,18.0,10.0,3.0,3.0,2.0,2.0,14.0,5.0,6.0,4.0,6.0,7.0,16.0,10.0,12.0,9.0,6.0,6.0,7.0,15.0,4.0,6.0,6.0,10.0,14.0,3.0,64.0,9.0,15.0,13.0,30.0,22.0,15.0,84.0,48.0,37.0,74.0,21.0,26.0,26.0,28.0,15.0,18.0,11.0,2023-08-28 10:43:31.781278+00:00,15.0,17.0,7.0,4.0
12.0,11.0,13.0,9.0,2.0,17.0,10.0,4.0,5.0,3.0,4.0,6.0,1.0,2.0,13.0,1.0,2.0,11.0,11.0,4.0,3.0,2.0,10.0,10.0,5.0,5.0,3.0,18.0,15.0,10.0,5.0,2.0,4.0,6.0,18.0,14.0,6.0,6.0,2.0,5.0,15.0,2.0,1.0,7.0,2.0,3.0,8.0,5.0,3.0,2.0,7.0,5.0,1.0,4.0,16.0,1.0,12.0,7.0,3.0,2.0,8.0,17.0,15.0,5.0,16.0,13.0,9.0,12.0,4.0,2.0,17.0,15.0,16.0,2.0,4.0,3.0,3.0,13.0,2.0,2.0,12.0,4.0,4.0,7.0,2.0,2.0,12.0,4.0,2.0,4.0,10.0,2.0,4.0,5.0,4.0,8.0,10.0,2.0,3.0,6.0,16.0,2.0,6.0,12.0,4.0,6.0,3.0,2.0,34.0,4.0,11.0,10.0,3.0,2.0,17.0,16.0,82.0,9.0,145.0,12.0,6.0,7.0,13.0,17.0,11.0,2023-08-29 10:14:49.641393+00:00,16.0,5.0,10.0,2.0
2.0,4.0,2.0,3.0,5.0,4.0,3.0,2.0,6.0,3.0,15.0,3.0,5.0,12.0,16.0,9.0,3.0,4.0,5.0,3.0,4.0,15.0,18.0,11.0,4.0,3.0,15.0,12.0,7.0,13.0,6.0,9.0,6.0,5.0,15.0,2.0,2.0,2.0,3.0,3.0,18.0,6.0,3.0,9.0,4.0,2.0,2.0,9.0,5.0,14.0,10.0,10.0,6.0,10.0,14.0,17.0,8.0,11.0,10.0,13.0,3.0,14.0,12.0,11.0,2.0,3.0,3.0,2.0,2.0,11.0,11.0,2.0,2.0,2.0,4.0,4.0,2.0,3.0,2.0,2.0,2.0,3.0,3.0,1.0,1.0,2.0,11.0,14.0,2.0,2.0,5.0,4.0,2.0,2.0,12.0,5.0,3.0,3.0,3.0,11.0,10.0,4.0,7.0,3.0,17.0,5.0,11.0,5.0,29.0,9.0,7.0,7.0,12.0,13.0,6.0,30.0,42.0,34.0,14.0,12.0,14.0,11.0,11.0,19.0,6.0,2023-08-30 09:38:09.882481+00:00,14.0,4.0,2.0,
14.0,6.0,18.0,8.0,4.0,14.0,12.0,7.0,5.0,2.0,6.0,2.0,4.0,5.0,19.0,13.0,17.0,3.0,6.0,5.0,5.0,4.0,4.0,10.0,4.0,7.0,10.0,13.0,15.0,18.0,4.0,2.0,7.0,7.0,18.0,10.0,6.0,14.0,4.0,10.0,10.0,4.0,18.0,11.0,15.0,16.0,7.0,7.0,4.0,4.0,3.0,7.0,9.0,16.0,4.0,17.0,3.0,13.0,8.0,5.0,13.0,16.0,10.0,15.0,16.0,10.0,13.0,4.0,2.0,7.0,15.0,17.0,11.0,13.0,9.0,4.0,3.0,19.0,18.0,7.0,9.0,3.0,5.0,7.0,6.0,11.0,14.0,16.0,13.0,7.0,3.0,6.0,9.0,11.0,2.0,4.0,4.0,5.0,14.0,8.0,8.0,18.0,6.0,7.0,5.0,9.0,8.0,6.0,68.0,8.0,12.0,2.0,31.0,33.0,46.0,155.0,111.0,119.0,21.0,14.0,42.0,42.0,10.0,14.0,12.0,2023-09-04 13:53:56.309497+00:00,17.0,11.0,14.0,3.0
4.0,15.0,6.0,10.0,3.0,2.0,2.0,2.0,2.0,6.0,6.0,6.0,2.0,2.0,5.0,2.0,1.0,1.0,3.0,5.0,6.0,7.0,13.0,2.0,5.0,2.0,10.0,11.0,4.0,12.0,3.0,5.0,6.0,12.0,9.0,18.0,8.0,4.0,5.0,5.0,1.0,2.0,1.0,11.0,1.0,1.0,1.0,2.0,11.0,3.0,4.0,2.0,2.0,7.0,6.0,3.0,4.0,2.0,2.0,11.0,4.0,4.0,6.0,8.0,7.0,5.0,16.0,7.0,11.0,2.0,14.0,3.0,3.0,2.0,8.0,1.0,2.0,2.0,3.0,1.0,1.0,3.0,8.0,2.0,2.0,2.0,2.0,2.0,1.0,1.0,4.0,5.0,4.0,3.0,2.0,4.0,9.0,6.0,1.0,4.0,2.0,2.0,3.0,2.0,2.0,2.0,2.0,15.0,7.0,2.0,2.0,3.0,6.0,5.0,9.0,8.0,3.0,6.0,1.0,1.0,11.0,4.0,13.0,4.0,4.0,2023-09-05 11:04:16.586475+00:00,1.0,8.0,9.0,4.0
4.0,7.0,20.0,3.0,3.0,8.0,12.0,3.0,2.0,16.0,3.0,15.0,4.0,2.0,6.0,2.0,2.0,2.0,2.0,3.0,6.0,3.0,18.0,13.0,3.0,6.0,8.0,6.0,8.0,12.0,5.0,3.0,4.0,6.0,4.0,3.0,2.0,14.0,4.0,3.0,8.0,8.0,2.0,2.0,4.0,2.0,2.0,2.0,14.0,5.0,6.0,6.0,7.0,18.0,4.0,2.0,2.0,3.0,6.0,6.0,3.0,6.0,4.0,5.0,14.0,7.0,4.0,10.0,5.0,6.0,8.0,6.0,2.0,2.0,3.0,2.0,3.0,5.0,3.0,15.0,5.0,13.0,6.0,3.0,2.0,3.0,1.0,1.0,1.0,2.0,1.0,11.0,5.0,2.0,4.0,8.0,7.0,4.0,3.0,2.0,2.0,2.0,2.0,2.0,4.0,7.0,6.0,2.0,7.0,8.0,3.0,6.0,9.0,5.0,15.0,16.0,9.0,18.0,4.0,16.0,6.0,9.0,14.0,9.0,4.0,2023-09-06 17:27:05.530780+00:00,24.0,12.0,3.0,
4.0,2.0,3.0,6.0,5.0,4.0,6.0,15.0,12.0,4.0,12.0,4.0,11.0,18.0,12.0,3.0,10.0,13.0,2.0,6.0,12.0,18.0,11.0,2.0,7.0,12.0,14.0,16.0,8.0,2.0,12.0,9.0,11.0,10.0,4.0,9.0,4.0,3.0,2.0,8.0,14.0,2.0,8.0,7.0,6.0,18.0,2.0,2.0,3.0,14.0,6.0,15.0,15.0,11.0,4.0,8.0,2.0,4.0,5.0,3.0,4.0,4.0,19.0,4.0,4.0,2.0,2.0,7.0,8.0,8.0,2.0,14.0,8.0,10.0,8.0,17.0,18.0,4.0,7.0,9.0,3.0,2.0,14.0,7.0,14.0,5.0,2.0,14.0,6.0,9.0,10.0,10.0,8.0,15.0,4.0,13.0,6.0,10.0,6.0,5.0,7.0,3.0,11.0,14.0,21.0,6.0,12.0,4.0,11.0,46.0,10.0,8.0,9.0,10.0,23.0,24.0,12.0,8.0,3.0,13.0,7.0,16.0,16.0,8.0,15.0,2023-09-08 13:15:54.833507+00:00,17.0,4.0,11.0,1.0
18.0,2.0,4.0,3.0,6.0,4.0,3.0,6.0,2.0,2.0,6.0,6.0,6.0,12.0,10.0,3.0,5.0,3.0,2.0,4.0,11.0,3.0,4.0,4.0,2.0,6.0,8.0,8.0,15.0,5.0,10.0,3.0,16.0,2.0,2.0,10.0,4.0,2.0,12.0,3.0,8.0,18.0,12.0,3.0,9.0,3.0,3.0,4.0,2.0,16.0,12.0,8.0,9.0,14.0,8.0,2.0,6.0,3.0,9.0,6.0,9.0,15.0,4.0,6.0,5.0,2.0,2.0,6.0,4.0,5.0,15.0,7.0,5.0,3.0,2.0,3.0,6.0,4.0,5.0,6.0,6.0,3.0,14.0,3.0,15.0,12.0,6.0,7.0,5.0,3.0,2.0,9.0,11.0,6.0,4.0,2.0,19.0,5.0,12.0,7.0,13.0,158.0,5.0,2.0,5.0,15.0,10.0,6.0,54.0,7.0,6.0,3.0,11.0,23.0,33.0,8.0,31.0,12.0,16.0,3.0,5.0,4.0,11.0,16.0,15.0,2023-09-13 10:06:11.955693+00:00,15.0,151.0,13.0,3.0
3.0,3.0,2.0,2.0,2.0,5.0,3.0,2.0,2.0,2.0,4.0,4.0,4.0,11.0,14.0,6.0,4.0,2.0,6.0,4.0,3.0,3.0,16.0,16.0,12.0,6.0,3.0,7.0,14.0,9.0,3.0,2.0,1.0,1.0,4.0,4.0,5.0,1.0,1.0,12.0,1.0,5.0,2.0,11.0,7.0,2.0,2.0,2.0,3.0,2.0,4.0,3.0,12.0,16.0,17.0,7.0,8.0,18.0,3.0,15.0,12.0,14.0,17.0,5.0,2.0,2.0,6.0,13.0,1.0,2.0,2.0,1.0,2.0,5.0,3.0,1.0,1.0,1.0,2.0,2.0,2.0,3.0,1.0,1.0,1.0,1.0,2.0,1.0,2.0,1.0,2.0,1.0,1.0,2.0,1.0,8.0,9.0,2.0,7.0,17.0,17.0,2.0,7.0,11.0,4.0,12.0,6.0,96.0,72.0,14.0,14.0,9.0,2.0,5.0,10.0,51.0,63.0,51.0,11.0,17.0,18.0,4.0,8.0,17.0,15.0,2023-09-14 09:38:49.054718+00:00,16.0,9.0,4.0,
3.0,3.0,8.0,7.0,17.0,4.0,2.0,8.0,4.0,1.0,18.0,15.0,3.0,6.0,11.0,9.0,9.0,9.0,5.0,7.0,4.0,9.0,9.0,16.0,15.0,7.0,5.0,19.0,5.0,16.0,6.0,8.0,5.0,14.0,3.0,6.0,8.0,6.0,7.0,10.0,20.0,6.0,4.0,10.0,3.0,11.0,15.0,14.0,17.0,11.0,10.0,11.0,5.0,11.0,3.0,9.0,16.0,9.0,3.0,5.0,11.0,9.0,5.0,13.0,2.0,5.0,8.0,2.0,3.0,12.0,3.0,11.0,11.0,6.0,15.0,10.0,8.0,9.0,4.0,3.0,7.0,5.0,5.0,7.0,7.0,10.0,4.0,9.0,7.0,5.0,4.0,3.0,13.0,5.0,15.0,8.0,7.0,7.0,7.0,10.0,3.0,7.0,9.0,5.0,3.0,20.0,13.0,7.0,4.0,14.0,11.0,23.0,109.0,4.0,15.0,16.0,38.0,3.0,24.0,6.0,43.0,13.0,18.0,16.0,10.0,2023-09-15 17:11:39.879316+00:00,13.0,16.0,4.0,
15.0,2.0,2.0,2.0,12.0,3.0,9.0,2.0,2.0,2.0,3.0,6.0,6.0,16.0,7.0,2.0,6.0,4.0,3.0,3.0,3.0,12.0,15.0,3.0,5.0,2.0,14.0,18.0,11.0,11.0,8.0,12.0,4.0,5.0,17.0,3.0,3.0,3.0,11.0,2.0,9.0,5.0,3.0,11.0,3.0,3.0,3.0,2.0,3.0,4.0,13.0,16.0,13.0,17.0,3.0,5.0,3.0,2.0,2.0,9.0,15.0,16.0,3.0,6.0,13.0,18.0,3.0,3.0,6.0,13.0,3.0,3.0,3.0,2.0,3.0,4.0,6.0,12.0,3.0,3.0,2.0,2.0,6.0,2.0,7.0,3.0,11.0,8.0,2.0,1.0,1.0,2.0,2.0,8.0,1.0,2.0,16.0,4.0,2.0,16.0,8.0,3.0,3.0,3.0,6.0,11.0,13.0,29.0,5.0,3.0,4.0,2.0,10.0,13.0,21.0,17.0,5.0,6.0,19.0,6.0,3.0,15.0,14.0,4.0,16.0,2023-09-18 16:23:58.938674+00:00,7.0,5.0,1.0,
5.0,17.0,15.0,5.0,8.0,3.0,13.0,8.0,11.0,4.0,6.0,6.0,3.0,7.0,17.0,14.0,3.0,3.0,6.0,2.0,4.0,8.0,15.0,15.0,8.0,2.0,13.0,11.0,16.0,16.0,10.0,2.0,8.0,8.0,12.0,11.0,4.0,6.0,7.0,5.0,5.0,3.0,7.0,8.0,14.0,4.0,7.0,6.0,6.0,3.0,9.0,6.0,5.0,8.0,10.0,16.0,11.0,13.0,3.0,7.0,6.0,15.0,4.0,6.0,8.0,8.0,12.0,5.0,4.0,8.0,10.0,11.0,6.0,8.0,8.0,4.0,4.0,16.0,8.0,2.0,4.0,3.0,4.0,6.0,7.0,14.0,6.0,13.0,12.0,8.0,11.0,5.0,3.0,3.0,4.0,5.0,18.0,6.0,18.0,6.0,7.0,27.0,4.0,10.0,9.0,14.0,8.0,4.0,14.0,9.0,6.0,16.0,16.0,14.0,11.0,57.0,117.0,37.0,9.0,8.0,11.0,8.0,15.0,16.0,13.0,2023-09-20 16:25:46.817410+00:00,18.0,12.0,2.0,
5.0,2.0,15.0,3.0,2.0,18.0,8.0,8.0,6.0,4.0,6.0,2.0,2.0,2.0,14.0,4.0,16.0,14.0,4.0,5.0,7.0,4.0,11.0,9.0,3.0,11.0,2.0,6.0,13.0,8.0,13.0,6.0,4.0,6.0,6.0,9.0,10.0,13.0,5.0,7.0,2.0,3.0,3.0,11.0,7.0,7.0,12.0,6.0,11.0,6.0,2.0,4.0,3.0,15.0,3.0,19.0,4.0,7.0,2.0,5.0,9.0,4.0,12.0,14.0,8.0,6.0,2.0,5.0,2.0,5.0,2.0,15.0,7.0,8.0,6.0,2.0,2.0,8.0,4.0,4.0,2.0,9.0,3.0,2.0,2.0,2.0,11.0,3.0,8.0,6.0,7.0,4.0,4.0,7.0,4.0,7.0,4.0,8.0,2.0,6.0,5.0,4.0,6.0,12.0,2.0,2.0,11.0,6.0,95.0,17.0,16.0,5.0,3.0,5.0,13.0,12.0,13.0,21.0,8.0,14.0,20.0,3.0,7.0,11.0,9.0,2023-09-26 09:12:52.818329+00:00,12.0,6.0,8.0,2.0
2.0,3.0,16.0,2.0,2.0,5.0,9.0,4.0,10.0,2.0,2.0,2.0,2.0,4.0,15.0,5.0,3.0,4.0,10.0,6.0,2.0,3.0,2.0,13.0,10.0,3.0,5.0,6.0,9.0,18.0,17.0,16.0,2.0,2.0,14.0,14.0,11.0,2.0,2.0,2.0,11.0,2.0,2.0,16.0,4.0,5.0,6.0,10.0,2.0,4.0,2.0,10.0,2.0,5.0,2.0,16.0,3.0,6.0,2.0,3.0,3.0,5.0,17.0,6.0,3.0,2.0,2.0,2.0,2.0,3.0,2.0,13.0,16.0,13.0,2.0,2.0,2.0,2.0,16.0,8.0,2.0,2.0,2.0,2.0,3.0,2.0,7.0,2.0,12.0,3.0,8.0,2.0,2.0,3.0,4.0,13.0,2.0,3.0,2.0,4.0,3.0,117.0,3.0,12.0,2.0,6.0,2.0,25.0,17.0,16.0,14.0,6.0,3.0,6.0,13.0,5.0,10.0,26.0,14.0,21.0,8.0,12.0,7.0,16.0,11.0,2023-09-27 13:16:54.712566+00:00,12.0,4.0,,
5.0,17.0,10.0,3.0,11.0,13.0,15.0,9.0,2.0,3.0,7.0,7.0,5.0,16.0,16.0,11.0,6.0,11.0,11.0,5.0,6.0,11.0,17.0,11.0,11.0,12.0,7.0,16.0,6.0,12.0,11.0,17.0,5.0,9.0,5.0,12.0,4.0,4.0,4.0,3.0,4.0,7.0,10.0,7.0,4.0,16.0,8.0,5.0,6.0,6.0,3.0,4.0,12.0,12.0,16.0,5.0,12.0,11.0,5.0,6.0,5.0,17.0,9.0,6.0,5.0,6.0,17.0,3.0,5.0,16.0,3.0,15.0,7.0,4.0,3.0,4.0,5.0,7.0,6.0,4.0,10.0,15.0,4.0,2.0,7.0,13.0,15.0,5.0,13.0,10.0,16.0,3.0,6.0,9.0,6.0,11.0,4.0,13.0,12.0,19.0,11.0,9.0,5.0,13.0,5.0,10.0,13.0,15.0,41.0,25.0,10.0,11.0,32.0,37.0,5.0,25.0,13.0,55.0,36.0,21.0,9.0,19.0,11.0,7.0,16.0,2023-09-28 13:16:33.920367+00:00,16.0,16.0,10.0,2.0
18.0,5.0,16.0,9.0,13.0,16.0,15.0,13.0,8.0,4.0,3.0,6.0,7.0,9.0,9.0,4.0,14.0,16.0,5.0,2.0,7.0,3.0,15.0,14.0,8.0,11.0,5.0,9.0,14.0,13.0,15.0,5.0,5.0,9.0,12.0,18.0,4.0,16.0,14.0,9.0,5.0,7.0,12.0,18.0,12.0,6.0,9.0,11.0,13.0,11.0,9.0,6.0,17.0,13.0,7.0,14.0,16.0,15.0,8.0,12.0,14.0,15.0,13.0,10.0,15.0,6.0,14.0,12.0,3.0,11.0,19.0,19.0,14.0,8.0,2.0,7.0,12.0,10.0,4.0,9.0,7.0,8.0,4.0,6.0,8.0,5.0,15.0,15.0,14.0,19.0,17.0,14.0,5.0,15.0,15.0,10.0,13.0,9.0,9.0,14.0,8.0,14.0,10.0,10.0,17.0,15.0,19.0,150.0,28.0,14.0,14.0,15.0,137.0,14.0,90.0,13.0,15.0,13.0,10.0,19.0,15.0,14.0,11.0,2.0,,2023-09-29 09:37:04.889604+00:00,,,,
5.0,2.0,2.0,5.0,10.0,13.0,12.0,3.0,10.0,2.0,16.0,7.0,6.0,12.0,16.0,12.0,12.0,12.0,10.0,5.0,8.0,8.0,8.0,8.0,5.0,6.0,15.0,18.0,4.0,6.0,10.0,4.0,10.0,2.0,18.0,4.0,12.0,10.0,4.0,8.0,11.0,11.0,18.0,12.0,7.0,5.0,6.0,6.0,6.0,4.0,5.0,8.0,16.0,13.0,16.0,13.0,13.0,13.0,5.0,13.0,13.0,10.0,10.0,5.0,5.0,12.0,6.0,8.0,6.0,3.0,8.0,7.0,7.0,4.0,4.0,3.0,4.0,7.0,2.0,8.0,3.0,2.0,7.0,15.0,7.0,16.0,16.0,15.0,3.0,2.0,8.0,6.0,8.0,13.0,4.0,12.0,6.0,7.0,18.0,19.0,12.0,56.0,9.0,12.0,18.0,12.0,15.0,34.0,44.0,24.0,8.0,9.0,11.0,23.0,26.0,21.0,44.0,49.0,10.0,4.0,9.0,6.0,9.0,18.0,13.0,2023-10-04 09:29:44.965325+00:00,6.0,14.0,8.0,2.0
15.0,10.0,13.0,13.0,2.0,14.0,12.0,15.0,10.0,9.0,5.0,4.0,8.0,5.0,12.0,14.0,3.0,7.0,15.0,5.0,8.0,11.0,8.0,16.0,14.0,7.0,10.0,9.0,19.0,16.0,6.0,10.0,11.0,4.0,11.0,13.0,4.0,21.0,12.0,5.0,2.0,3.0,2.0,7.0,5.0,9.0,15.0,16.0,16.0,13.0,8.0,8.0,7.0,14.0,4.0,19.0,15.0,15.0,8.0,17.0,5.0,17.0,10.0,13.0,8.0,7.0,5.0,3.0,14.0,6.0,11.0,11.0,3.0,4.0,18.0,5.0,2.0,14.0,3.0,12.0,6.0,10.0,17.0,5.0,3.0,2.0,17.0,5.0,9.0,4.0,18.0,17.0,12.0,9.0,12.0,13.0,3.0,4.0,3.0,4.0,6.0,11.0,10.0,14.0,9.0,7.0,10.0,141.0,108.0,71.0,12.0,19.0,16.0,16.0,16.0,113.0,136.0,130.0,141.0,112.0,12.0,20.0,16.0,17.0,9.0,2023-10-06 17:28:36.506333+00:00,14.0,3.0,,
2.0,2.0,2.0,2.0,6.0,12.0,6.0,2.0,1.0,2.0,3.0,3.0,3.0,4.0,5.0,6.0,2.0,1.0,2.0,6.0,3.0,3.0,2.0,3.0,1.0,1.0,3.0,14.0,6.0,1.0,4.0,4.0,2.0,2.0,2.0,2.0,1.0,2.0,2.0,2.0,2.0,2.0,2.0,7.0,1.0,2.0,2.0,2.0,2.0,3.0,2.0,3.0,9.0,3.0,5.0,5.0,2.0,2.0,2.0,7.0,7.0,8.0,9.0,5.0,2.0,2.0,3.0,2.0,2.0,1.0,2.0,2.0,1.0,1.0,2.0,1.0,9.0,1.0,2.0,1.0,1.0,1.0,2.0,2.0,3.0,2.0,10.0,5.0,2.0,2.0,2.0,2.0,3.0,4.0,2.0,2.0,3.0,9.0,2.0,4.0,5.0,3.0,1.0,2.0,5.0,2.0,4.0,16.0,19.0,2.0,1.0,1.0,2.0,6.0,3.0,17.0,2.0,3.0,9.0,1.0,1.0,1.0,4.0,5.0,6.0,2023-10-09 15:16:08.817078+00:00,3.0,6.0,2.0,2.0
16.0,17.0,4.0,5.0,12.0,17.0,18.0,5.0,6.0,6.0,14.0,13.0,10.0,12.0,8.0,9.0,1.0,4.0,8.0,3.0,8.0,5.0,12.0,2.0,7.0,10.0,5.0,9.0,4.0,11.0,3.0,8.0,14.0,7.0,12.0,12.0,13.0,10.0,11.0,13.0,4.0,8.0,4.0,12.0,5.0,4.0,2.0,8.0,15.0,3.0,6.0,15.0,9.0,15.0,18.0,8.0,1.0,6.0,10.0,8.0,16.0,15.0,3.0,8.0,11.0,16.0,14.0,1.0,17.0,11.0,4.0,7.0,9.0,8.0,9.0,3.0,7.0,6.0,15.0,8.0,7.0,5.0,10.0,11.0,9.0,14.0,10.0,19.0,13.0,4.0,10.0,10.0,10.0,16.0,6.0,8.0,7.0,8.0,13.0,6.0,8.0,5.0,1.0,14.0,9.0,3.0,6.0,20.0,25.0,62.0,3.0,13.0,5.0,9.0,21.0,21.0,16.0,16.0,61.0,20.0,13.0,30.0,3.0,14.0,12.0,2023-10-13 10:34:12.496479+00:00,12.0,13.0,8.0,4.0
12.0,16.0,13.0,13.0,6.0,9.0,9.0,11.0,5.0,5.0,2.0,3.0,3.0,10.0,9.0,5.0,11.0,5.0,13.0,15.0,11.0,5.0,5.0,14.0,7.0,7.0,3.0,11.0,20.0,10.0,8.0,1.0,3.0,2.0,9.0,7.0,6.0,4.0,12.0,3.0,3.0,13.0,6.0,10.0,12.0,11.0,5.0,3.0,5.0,3.0,4.0,2.0,16.0,18.0,22.0,10.0,5.0,3.0,4.0,3.0,20.0,11.0,7.0,3.0,12.0,19.0,13.0,14.0,7.0,2.0,18.0,17.0,5.0,2.0,20.0,1.0,8.0,6.0,12.0,4.0,3.0,11.0,3.0,4.0,3.0,3.0,21.0,16.0,3.0,13.0,18.0,6.0,14.0,5.0,8.0,7.0,11.0,2.0,4.0,11.0,12.0,14.0,12.0,3.0,6.0,6.0,3.0,69.0,61.0,70.0,7.0,11.0,6.0,6.0,31.0,126.0,8.0,8.0,5.0,7.0,14.0,5.0,10.0,12.0,18.0,2023-10-16 15:30:41.522351+00:00,13.0,3.0,,
10.0,18.0,2.0,4.0,14.0,19.0,19.0,13.0,6.0,7.0,5.0,5.0,3.0,9.0,21.0,12.0,19.0,13.0,6.0,5.0,5.0,3.0,12.0,17.0,5.0,4.0,4.0,5.0,7.0,10.0,6.0,3.0,13.0,3.0,10.0,21.0,17.0,8.0,7.0,4.0,8.0,5.0,19.0,17.0,17.0,14.0,8.0,4.0,7.0,4.0,8.0,5.0,9.0,10.0,13.0,16.0,19.0,9.0,4.0,6.0,20.0,19.0,17.0,8.0,16.0,9.0,1.0,18.0,9.0,7.0,19.0,16.0,23.0,8.0,7.0,11.0,12.0,21.0,14.0,13.0,10.0,10.0,4.0,6.0,6.0,6.0,17.0,17.0,16.0,13.0,5.0,5.0,5.0,3.0,5.0,7.0,7.0,2.0,4.0,18.0,19.0,22.0,14.0,10.0,3.0,7.0,7.0,33.0,54.0,8.0,16.0,7.0,5.0,5.0,20.0,19.0,38.0,35.0,29.0,25.0,8.0,7.0,8.0,8.0,7.0,2023-10-17 10:24:32.598262+00:00,6.0,13.0,8.0,4.0
16.0,11.0,9.0,4.0,15.0,9.0,6.0,9.0,1.0,3.0,5.0,17.0,3.0,12.0,4.0,7.0,2.0,7.0,2.0,1.0,12.0,6.0,2.0,6.0,1.0,7.0,7.0,19.0,8.0,3.0,4.0,1.0,14.0,8.0,11.0,12.0,1.0,14.0,19.0,3.0,7.0,1.0,9.0,3.0,3.0,6.0,1.0,2.0,3.0,5.0,6.0,18.0,2.0,8.0,3.0,1.0,1.0,4.0,2.0,7.0,2.0,11.0,5.0,2.0,10.0,9.0,14.0,5.0,16.0,9.0,11.0,4.0,9.0,2.0,8.0,11.0,2.0,17.0,12.0,2.0,2.0,4.0,14.0,4.0,2.0,2.0,12.0,7.0,5.0,2.0,2.0,1.0,4.0,2.0,2.0,3.0,11.0,2.0,2.0,4.0,4.0,39.0,1.0,11.0,1.0,14.0,2.0,2.0,11.0,2.0,10.0,3.0,5.0,7.0,17.0,2.0,13.0,20.0,6.0,9.0,4.0,3.0,11.0,12.0,17.0,2023-10-18 13:40:52.343297+00:00,5.0,10.0,11.0,5.0
7.0,16.0,8.0,8.0,8.0,15.0,13.0,3.0,2.0,5.0,12.0,13.0,8.0,14.0,16.0,8.0,2.0,3.0,3.0,5.0,18.0,10.0,14.0,3.0,4.0,4.0,18.0,16.0,9.0,11.0,5.0,10.0,3.0,8.0,13.0,17.0,14.0,8.0,3.0,18.0,9.0,12.0,8.0,12.0,6.0,1.0,4.0,4.0,9.0,12.0,12.0,5.0,10.0,8.0,11.0,7.0,2.0,13.0,9.0,4.0,11.0,6.0,7.0,3.0,11.0,10.0,11.0,8.0,9.0,10.0,9.0,9.0,4.0,9.0,12.0,4.0,18.0,18.0,3.0,3.0,1.0,7.0,6.0,15.0,4.0,12.0,12.0,18.0,3.0,3.0,3.0,14.0,13.0,15.0,6.0,4.0,16.0,7.0,8.0,8.0,10.0,9.0,2.0,3.0,5.0,12.0,3.0,15.0,15.0,3.0,8.0,7.0,51.0,23.0,8.0,4.0,15.0,6.0,3.0,5.0,6.0,11.0,7.0,4.0,7.0,2023-10-19 13:22:04.935498+00:00,5.0,3.0,4.0,3.0
2.0,2.0,1.0,1.0,3.0,2.0,2.0,1.0,5.0,5.0,8.0,2.0,1.0,1.0,4.0,2.0,1.0,1.0,10.0,8.0,4.0,2.0,13.0,7.0,8.0,7.0,1.0,7.0,16.0,7.0,12.0,6.0,1.0,1.0,5.0,1.0,3.0,2.0,3.0,6.0,1.0,2.0,1.0,2.0,3.0,2.0,2.0,11.0,5.0,2.0,11.0,16.0,10.0,6.0,17.0,18.0,17.0,2.0,8.0,8.0,17.0,17.0,6.0,9.0,0.0,12.0,1.0,1.0,1.0,1.0,16.0,1.0,2.0,10.0,1.0,2.0,2.0,2.0,1.0,2.0,4.0,4.0,3.0,1.0,1.0,2.0,2.0,2.0,1.0,12.0,2.0,6.0,7.0,7.0,7.0,2.0,1.0,1.0,3.0,5.0,91.0,1.0,24.0,5.0,7.0,19.0,18.0,8.0,8.0,18.0,7.0,5.0,9.0,25.0,25.0,55.0,151.0,8.0,19.0,17.0,10.0,13.0,15.0,17.0,2.0,2023-10-24 14:51:19.115863+00:00,15.0,12.0,4.0,
18.0,6.0,12.0,8.0,5.0,15.0,14.0,14.0,12.0,5.0,9.0,14.0,20.0,14.0,14.0,13.0,7.0,14.0,6.0,9.0,14.0,4.0,16.0,12.0,9.0,8.0,17.0,21.0,12.0,10.0,6.0,1.0,8.0,14.0,10.0,12.0,7.0,4.0,10.0,5.0,5.0,4.0,17.0,17.0,17.0,18.0,7.0,9.0,4.0,12.0,18.0,8.0,18.0,22.0,19.0,10.0,4.0,12.0,10.0,15.0,19.0,15.0,9.0,4.0,3.0,7.0,4.0,5.0,9.0,3.0,18.0,15.0,14.0,14.0,18.0,11.0,7.0,13.0,9.0,8.0,9.0,12.0,11.0,5.0,22.0,8.0,16.0,13.0,9.0,12.0,12.0,4.0,6.0,10.0,13.0,12.0,6.0,14.0,6.0,15.0,16.0,14.0,7.0,13.0,44.0,13.0,6.0,76.0,53.0,6.0,14.0,8.0,12.0,58.0,63.0,83.0,61.0,14.0,7.0,7.0,45.0,7.0,16.0,17.0,16.0,2023-10-26 11:54:34.749443+00:00,9.0,8.0,5.0,
10.0,5.0,6.0,6.0,2.0,3.0,3.0,7.0,11.0,9.0,5.0,4.0,4.0,11.0,4.0,5.0,9.0,4.0,5.0,4.0,2.0,2.0,5.0,14.0,4.0,3.0,14.0,7.0,11.0,7.0,2.0,2.0,10.0,4.0,12.0,8.0,17.0,5.0,13.0,13.0,13.0,2.0,9.0,7.0,3.0,2.0,4.0,5.0,5.0,3.0,7.0,2.0,12.0,11.0,12.0,7.0,6.0,14.0,3.0,3.0,5.0,7.0,9.0,4.0,14.0,5.0,7.0,7.0,8.0,2.0,5.0,3.0,9.0,13.0,3.0,2.0,1.0,4.0,3.0,5.0,16.0,4.0,7.0,2.0,7.0,3.0,11.0,3.0,3.0,2.0,3.0,7.0,3.0,5.0,4.0,3.0,12.0,3.0,18.0,11.0,10.0,8.0,3.0,9.0,25.0,4.0,3.0,3.0,3.0,4.0,13.0,3.0,5.0,24.0,15.0,8.0,15.0,12.0,16.0,5.0,8.0,10.0,12.0,7.0,15.0,2023-10-27 10:28:12.943112+00:00,13.0,10.0,1.0,
6.0,13.0,4.0,3.0,11.0,4.0,6.0,2.0,2.0,2.0,3.0,3.0,13.0,9.0,8.0,2.0,2.0,4.0,2.0,2.0,5.0,2.0,3.0,2.0,3.0,2.0,4.0,10.0,2.0,2.0,2.0,1.0,8.0,3.0,4.0,2.0,2.0,3.0,10.0,3.0,9.0,4.0,13.0,5.0,8.0,8.0,2.0,2.0,2.0,6.0,4.0,2.0,8.0,3.0,3.0,3.0,2.0,2.0,2.0,14.0,12.0,4.0,2.0,3.0,12.0,9.0,5.0,4.0,2.0,2.0,5.0,2.0,2.0,2.0,6.0,2.0,13.0,6.0,2.0,1.0,1.0,1.0,3.0,8.0,14.0,4.0,16.0,2.0,2.0,2.0,2.0,2.0,3.0,5.0,2.0,6.0,2.0,2.0,12.0,3.0,13.0,2.0,2.0,2.0,3.0,11.0,7.0,8.0,4.0,2.0,3.0,6.0,6.0,3.0,4.0,9.0,5.0,5.0,13.0,7.0,3.0,1.0,8.0,10.0,7.0,2023-11-02 10:26:25.440705+00:00,2.0,9.0,2.0,2.0
15.0,22.0,2.0,17.0,6.0,13.0,2.0,2.0,1.0,7.0,2.0,4.0,1.0,11.0,13.0,3.0,2.0,1.0,4.0,4.0,5.0,12.0,20.0,7.0,6.0,4.0,9.0,2.0,2.0,4.0,8.0,2.0,6.0,2.0,2.0,2.0,3.0,2.0,2.0,8.0,2.0,15.0,6.0,6.0,2.0,2.0,2.0,2.0,5.0,5.0,8.0,16.0,2.0,4.0,2.0,3.0,2.0,5.0,4.0,8.0,8.0,11.0,3.0,2.0,4.0,2.0,12.0,21.0,13.0,5.0,12.0,6.0,2.0,4.0,3.0,4.0,6.0,2.0,2.0,2.0,2.0,6.0,12.0,16.0,15.0,4.0,7.0,20.0,2.0,3.0,2.0,4.0,6.0,8.0,5.0,3.0,12.0,3.0,8.0,5.0,4.0,2.0,1.0,1.0,11.0,5.0,2.0,9.0,11.0,3.0,2.0,8.0,16.0,6.0,19.0,3.0,7.0,16.0,4.0,3.0,3.0,3.0,16.0,15.0,17.0,2023-11-03 10:12:24.212770+00:00,9.0,5.0,14.0,3.0
15.0,7.0,3.0,9.0,5.0,7.0,15.0,5.0,4.0,3.0,4.0,25.0,13.0,6.0,5.0,11.0,6.0,10.0,7.0,7.0,14.0,15.0,4.0,11.0,8.0,10.0,8.0,18.0,17.0,5.0,10.0,2.0,8.0,7.0,4.0,3.0,10.0,12.0,14.0,4.0,14.0,12.0,9.0,10.0,3.0,3.0,3.0,3.0,6.0,4.0,5.0,12.0,8.0,10.0,6.0,5.0,10.0,7.0,10.0,11.0,13.0,12.0,9.0,4.0,5.0,12.0,4.0,6.0,13.0,6.0,8.0,6.0,8.0,8.0,13.0,6.0,4.0,5.0,13.0,5.0,3.0,10.0,11.0,2.0,6.0,7.0,8.0,13.0,7.0,5.0,2.0,13.0,14.0,7.0,10.0,10.0,17.0,6.0,4.0,14.0,16.0,4.0,3.0,4.0,10.0,10.0,6.0,5.0,13.0,6.0,14.0,9.0,6.0,6.0,14.0,6.0,12.0,4.0,4.0,16.0,6.0,9.0,14.0,4.0,4.0,2023-11-06 14:12:45.114504+00:00,4.0,14.0,4.0,3.0
22.0,10.0,14.0,7.0,5.0,3.0,25.0,2.0,2.0,8.0,15.0,16.0,11.0,17.0,17.0,10.0,10.0,15.0,13.0,7.0,12.0,10.0,17.0,16.0,4.0,7.0,13.0,16.0,5.0,9.0,3.0,2.0,4.0,11.0,3.0,4.0,3.0,23.0,2.0,11.0,13.0,8.0,5.0,3.0,11.0,2.0,2.0,12.0,1.0,6.0,16.0,16.0,15.0,12.0,16.0,15.0,10.0,10.0,7.0,14.0,15.0,17.0,10.0,5.0,3.0,3.0,5.0,3.0,5.0,3.0,2.0,6.0,2.0,2.0,6.0,9.0,2.0,3.0,3.0,14.0,3.0,2.0,15.0,11.0,7.0,6.0,5.0,3.0,12.0,2.0,14.0,7.0,13.0,9.0,7.0,2.0,13.0,17.0,5.0,6.0,8.0,12.0,12.0,14.0,11.0,17.0,16.0,11.0,16.0,10.0,5.0,9.0,16.0,10.0,7.0,18.0,18.0,17.0,9.0,12.0,14.0,9.0,18.0,11.0,18.0,2023-11-07 15:14:40.855561+00:00,17.0,10.0,10.0,5.0
5.0,3.0,5.0,3.0,2.0,11.0,3.0,8.0,4.0,2.0,4.0,3.0,9.0,4.0,8.0,4.0,5.0,3.0,2.0,2.0,3.0,2.0,4.0,10.0,5.0,2.0,1.0,5.0,11.0,7.0,2.0,1.0,5.0,8.0,10.0,3.0,4.0,3.0,4.0,2.0,1.0,4.0,13.0,7.0,11.0,5.0,3.0,3.0,1.0,2.0,5.0,8.0,2.0,6.0,6.0,11.0,4.0,3.0,2.0,7.0,4.0,3.0,2.0,7.0,3.0,3.0,15.0,2.0,3.0,3.0,6.0,7.0,12.0,9.0,3.0,2.0,2.0,8.0,5.0,2.0,2.0,4.0,3.0,3.0,2.0,3.0,6.0,8.0,5.0,3.0,3.0,3.0,2.0,3.0,2.0,3.0,5.0,3.0,3.0,8.0,10.0,10.0,8.0,5.0,3.0,8.0,12.0,16.0,6.0,7.0,18.0,4.0,4.0,15.0,6.0,6.0,11.0,6.0,6.0,11.0,9.0,3.0,2.0,6.0,4.0,2023-11-13 10:52:17.001514+00:00,4.0,12.0,7.0,2.0
2.0,11.0,14.0,7.0,12.0,12.0,16.0,12.0,10.0,12.0,4.0,9.0,14.0,10.0,7.0,9.0,17.0,7.0,5.0,3.0,9.0,11.0,18.0,15.0,11.0,4.0,9.0,19.0,11.0,10.0,2.0,4.0,9.0,14.0,14.0,13.0,11.0,7.0,12.0,7.0,6.0,5.0,9.0,17.0,16.0,8.0,13.0,6.0,12.0,7.0,5.0,13.0,15.0,8.0,10.0,7.0,12.0,7.0,7.0,14.0,19.0,13.0,14.0,12.0,13.0,16.0,19.0,8.0,13.0,14.0,17.0,18.0,17.0,13.0,10.0,6.0,7.0,16.0,16.0,12.0,8.0,9.0,7.0,7.0,4.0,6.0,14.0,11.0,15.0,9.0,6.0,9.0,2.0,3.0,4.0,9.0,4.0,5.0,8.0,12.0,9.0,13.0,13.0,4.0,6.0,14.0,16.0,9.0,6.0,15.0,4.0,9.0,9.0,14.0,13.0,10.0,6.0,17.0,17.0,10.0,4.0,9.0,4.0,16.0,18.0,2023-11-17 11:07:49.231486+00:00,16.0,14.0,13.0,4.0
4.0,8.0,16.0,4.0,7.0,8.0,5.0,6.0,2.0,4.0,9.0,6.0,9.0,8.0,8.0,14.0,11.0,2.0,3.0,3.0,2.0,2.0,12.0,9.0,7.0,5.0,11.0,13.0,14.0,5.0,4.0,2.0,7.0,3.0,17.0,6.0,4.0,5.0,6.0,4.0,9.0,4.0,6.0,15.0,12.0,5.0,3.0,3.0,6.0,3.0,5.0,4.0,10.0,6.0,6.0,7.0,3.0,4.0,2.0,14.0,12.0,14.0,16.0,10.0,7.0,16.0,9.0,6.0,9.0,3.0,10.0,11.0,12.0,2.0,5.0,2.0,5.0,8.0,11.0,3.0,3.0,7.0,6.0,5.0,12.0,5.0,15.0,7.0,9.0,3.0,4.0,4.0,3.0,5.0,3.0,3.0,12.0,6.0,12.0,11.0,8.0,13.0,8.0,5.0,6.0,11.0,14.0,16.0,12.0,19.0,12.0,4.0,3.0,11.0,8.0,15.0,17.0,15.0,14.0,10.0,11.0,11.0,6.0,13.0,12.0,2023-11-22 11:26:17.138819+00:00,6.0,16.0,13.0,1.0
4.0,6.0,14.0,14.0,7.0,12.0,13.0,6.0,9.0,3.0,8.0,15.0,10.0,16.0,14.0,12.0,3.0,3.0,2.0,3.0,6.0,11.0,15.0,5.0,5.0,2.0,6.0,10.0,10.0,3.0,2.0,1.0,10.0,18.0,5.0,7.0,7.0,12.0,10.0,8.0,13.0,4.0,8.0,11.0,5.0,3.0,3.0,3.0,15.0,5.0,14.0,16.0,14.0,11.0,10.0,3.0,5.0,3.0,4.0,15.0,14.0,17.0,9.0,8.0,9.0,8.0,17.0,2.0,15.0,13.0,9.0,11.0,9.0,4.0,9.0,16.0,14.0,11.0,3.0,3.0,2.0,5.0,6.0,11.0,12.0,11.0,3.0,19.0,8.0,4.0,2.0,9.0,6.0,8.0,2.0,3.0,10.0,10.0,10.0,12.0,11.0,4.0,2.0,2.0,15.0,14.0,15.0,8.0,5.0,5.0,6.0,5.0,14.0,13.0,16.0,14.0,16.0,6.0,5.0,7.0,6.0,3.0,7.0,18.0,12.0,2023-11-29 16:10:43.937582+00:00,5.0,18.0,3.0,1.0
13.0,10.0,12.0,13.0,3.0,5.0,5.0,5.0,2.0,3.0,6.0,7.0,14.0,3.0,3.0,3.0,3.0,5.0,1.0,2.0,7.0,4.0,10.0,5.0,2.0,5.0,4.0,5.0,2.0,2.0,2.0,2.0,5.0,12.0,12.0,9.0,14.0,8.0,8.0,6.0,8.0,4.0,7.0,7.0,6.0,3.0,3.0,2.0,9.0,6.0,5.0,13.0,3.0,5.0,7.0,3.0,14.0,6.0,4.0,13.0,13.0,16.0,13.0,2.0,13.0,12.0,8.0,18.0,9.0,18.0,11.0,10.0,5.0,8.0,13.0,9.0,6.0,16.0,13.0,6.0,2.0,12.0,5.0,4.0,12.0,7.0,5.0,7.0,14.0,9.0,2.0,10.0,8.0,6.0,8.0,3.0,3.0,6.0,6.0,8.0,10.0,4.0,7.0,3.0,6.0,2.0,6.0,3.0,13.0,5.0,4.0,6.0,18.0,13.0,20.0,7.0,10.0,19.0,15.0,22.0,4.0,8.0,3.0,15.0,13.0,2023-11-30 15:25:44.616341+00:00,14.0,10.0,6.0,4.0
1.0,3.0,8.0,6.0,7.0,2.0,11.0,7.0,3.0,4.0,16.0,5.0,6.0,8.0,6.0,11.0,7.0,6.0,3.0,13.0,8.0,2.0,5.0,19.0,2.0,1.0,5.0,16.0,15.0,5.0,5.0,1.0,11.0,9.0,3.0,3.0,4.0,3.0,10.0,5.0,9.0,3.0,19.0,9.0,11.0,2.0,3.0,2.0,9.0,3.0,16.0,8.0,17.0,15.0,15.0,7.0,4.0,4.0,4.0,7.0,13.0,13.0,9.0,7.0,8.0,3.0,3.0,2.0,5.0,6.0,5.0,3.0,16.0,3.0,11.0,3.0,18.0,12.0,13.0,4.0,5.0,9.0,7.0,2.0,6.0,11.0,12.0,10.0,8.0,3.0,3.0,2.0,10.0,2.0,3.0,3.0,7.0,11.0,8.0,7.0,16.0,10.0,7.0,6.0,3.0,7.0,17.0,14.0,16.0,8.0,5.0,2.0,5.0,2.0,11.0,13.0,15.0,12.0,13.0,5.0,2.0,4.0,9.0,11.0,14.0,2023-12-14 10:59:22.989674+00:00,14.0,12.0,4.0,1.0
3.0,4.0,15.0,2.0,2.0,7.0,17.0,21.0,4.0,1.0,9.0,3.0,7.0,14.0,20.0,8.0,6.0,3.0,4.0,8.0,2.0,7.0,10.0,10.0,11.0,2.0,8.0,14.0,8.0,7.0,8.0,1.0,2.0,2.0,11.0,3.0,2.0,2.0,2.0,3.0,5.0,4.0,19.0,9.0,12.0,3.0,4.0,7.0,3.0,2.0,5.0,8.0,7.0,18.0,16.0,11.0,5.0,7.0,2.0,5.0,8.0,17.0,16.0,8.0,9.0,3.0,3.0,12.0,2.0,3.0,2.0,8.0,4.0,3.0,1.0,1.0,4.0,3.0,9.0,5.0,2.0,16.0,2.0,1.0,3.0,18.0,5.0,10.0,13.0,3.0,11.0,2.0,2.0,8.0,13.0,9.0,4.0,8.0,9.0,18.0,20.0,103.0,6.0,8.0,11.0,14.0,17.0,18.0,26.0,13.0,9.0,12.0,8.0,15.0,10.0,8.0,18.0,21.0,17.0,9.0,11.0,7.0,7.0,4.0,8.0,2023-12-15 13:16:33.758530+00:00,13.0,12.0,12.0,3.0
6.0,21.0,8.0,1.0,3.0,2.0,3.0,2.0,2.0,2.0,3.0,3.0,6.0,9.0,10.0,4.0,4.0,2.0,1.0,3.0,2.0,2.0,10.0,7.0,3.0,1.0,6.0,10.0,7.0,2.0,2.0,1.0,2.0,3.0,3.0,3.0,2.0,3.0,2.0,4.0,2.0,5.0,4.0,4.0,3.0,2.0,1.0,2.0,1.0,2.0,5.0,12.0,6.0,4.0,9.0,7.0,2.0,3.0,1.0,9.0,10.0,14.0,3.0,9.0,6.0,3.0,1.0,8.0,8.0,2.0,9.0,2.0,2.0,2.0,2.0,2.0,2.0,6.0,7.0,2.0,2.0,2.0,4.0,8.0,2.0,3.0,13.0,7.0,3.0,2.0,2.0,2.0,5.0,3.0,2.0,5.0,12.0,3.0,7.0,5.0,3.0,4.0,4.0,2.0,3.0,4.0,6.0,9.0,6.0,6.0,4.0,3.0,6.0,6.0,6.0,12.0,17.0,11.0,3.0,5.0,4.0,3.0,3.0,10.0,17.0,2024-01-10 16:09:53.707280+00:00,17.0,6.0,3.0,1.0
3.0,7.0,3.0,5.0,4.0,9.0,11.0,8.0,5.0,2.0,2.0,6.0,10.0,6.0,15.0,10.0,13.0,3.0,6.0,8.0,4.0,3.0,6.0,15.0,8.0,8.0,13.0,18.0,17.0,5.0,11.0,7.0,16.0,6.0,4.0,10.0,3.0,4.0,2.0,12.0,10.0,5.0,9.0,18.0,8.0,6.0,6.0,2.0,3.0,4.0,18.0,3.0,10.0,16.0,20.0,12.0,10.0,7.0,4.0,3.0,14.0,16.0,17.0,13.0,4.0,9.0,6.0,4.0,8.0,1.0,2.0,2.0,5.0,4.0,4.0,2.0,4.0,3.0,11.0,14.0,8.0,13.0,6.0,3.0,2.0,11.0,19.0,15.0,7.0,12.0,5.0,2.0,3.0,8.0,3.0,9.0,9.0,11.0,9.0,9.0,14.0,17.0,6.0,6.0,3.0,16.0,15.0,10.0,14.0,14.0,8.0,6.0,13.0,18.0,8.0,9.0,13.0,12.0,16.0,16.0,18.0,5.0,6.0,14.0,9.0,2024-01-18 10:30:11.835718+00:00,19.0,16.0,3.0,5.0
11.0,18.0,14.0,9.0,10.0,7.0,11.0,11.0,19.0,4.0,3.0,3.0,13.0,7.0,16.0,15.0,14.0,10.0,9.0,6.0,8.0,8.0,14.0,12.0,7.0,8.0,9.0,11.0,15.0,16.0,15.0,15.0,7.0,11.0,14.0,13.0,6.0,13.0,14.0,8.0,3.0,3.0,15.0,12.0,12.0,9.0,12.0,8.0,12.0,11.0,2.0,12.0,10.0,12.0,16.0,19.0,11.0,12.0,6.0,8.0,15.0,16.0,10.0,11.0,20.0,6.0,15.0,7.0,4.0,9.0,12.0,12.0,10.0,8.0,16.0,9.0,11.0,17.0,11.0,7.0,11.0,10.0,7.0,9.0,5.0,8.0,19.0,20.0,6.0,12.0,8.0,2.0,13.0,7.0,9.0,8.0,8.0,4.0,6.0,19.0,5.0,5.0,6.0,11.0,9.0,17.0,18.0,14.0,8.0,12.0,7.0,12.0,13.0,16.0,18.0,3.0,15.0,16.0,15.0,9.0,8.0,7.0,19.0,7.0,12.0,2024-01-19 11:18:24.492380+00:00,16.0,12.0,9.0,2.0
17.0,6.0,9.0,7.0,12.0,21.0,16.0,3.0,2.0,5.0,15.0,14.0,9.0,6.0,8.0,5.0,4.0,4.0,7.0,7.0,8.0,19.0,9.0,4.0,8.0,4.0,10.0,8.0,5.0,4.0,6.0,1.0,12.0,9.0,12.0,8.0,2.0,5.0,3.0,17.0,8.0,16.0,12.0,7.0,8.0,3.0,2.0,2.0,5.0,9.0,16.0,17.0,12.0,16.0,18.0,6.0,4.0,6.0,12.0,12.0,11.0,8.0,6.0,8.0,11.0,4.0,18.0,4.0,14.0,19.0,11.0,4.0,3.0,2.0,13.0,18.0,9.0,16.0,3.0,2.0,2.0,3.0,9.0,16.0,9.0,15.0,4.0,13.0,3.0,2.0,2.0,16.0,6.0,10.0,6.0,6.0,18.0,17.0,15.0,8.0,15.0,14.0,3.0,9.0,15.0,14.0,12.0,4.0,22.0,10.0,14.0,11.0,12.0,14.0,7.0,14.0,7.0,13.0,3.0,16.0,18.0,7.0,16.0,10.0,20.0,2024-01-24 16:16:50.332168+00:00,9.0,12.0,5.0,
17.0,16.0,8.0,4.0,9.0,13.0,7.0,4.0,11.0,5.0,16.0,9.0,7.0,9.0,6.0,8.0,9.0,12.0,4.0,4.0,4.0,4.0,15.0,16.0,4.0,5.0,5.0,17.0,6.0,4.0,5.0,1.0,9.0,17.0,16.0,16.0,12.0,11.0,17.0,11.0,9.0,11.0,9.0,21.0,11.0,13.0,8.0,9.0,5.0,4.0,15.0,8.0,3.0,13.0,14.0,18.0,10.0,8.0,4.0,18.0,10.0,15.0,14.0,6.0,16.0,10.0,10.0,18.0,19.0,9.0,20.0,14.0,11.0,16.0,3.0,3.0,8.0,14.0,8.0,6.0,16.0,7.0,4.0,6.0,15.0,15.0,9.0,9.0,11.0,6.0,13.0,3.0,6.0,8.0,8.0,4.0,19.0,14.0,18.0,19.0,8.0,53.0,4.0,15.0,6.0,13.0,11.0,12.0,39.0,18.0,4.0,7.0,6.0,44.0,18.0,19.0,45.0,21.0,17.0,5.0,8.0,7.0,10.0,18.0,22.0,2024-02-01 10:28:41.123438+00:00,12.0,13.0,10.0,3.0
5.0,6.0,5.0,8.0,13.0,19.0,2.0,3.0,16.0,10.0,16.0,12.0,16.0,12.0,8.0,10.0,13.0,6.0,5.0,6.0,8.0,14.0,2.0,4.0,9.0,7.0,17.0,6.0,13.0,10.0,2.0,16.0,12.0,14.0,10.0,5.0,10.0,10.0,9.0,7.0,11.0,12.0,18.0,11.0,15.0,4.0,7.0,10.0,6.0,18.0,6.0,7.0,12.0,8.0,5.0,10.0,13.0,8.0,15.0,10.0,5.0,12.0,18.0,10.0,5.0,5.0,4.0,3.0,7.0,19.0,7.0,3.0,9.0,8.0,2.0,2.0,5.0,14.0,4.0,3.0,19.0,10.0,16.0,18.0,17.0,6.0,12.0,9.0,6.0,10.0,10.0,8.0,9.0,7.0,14.0,9.0,3.0,7.0,13.0,3.0,3.0,9.0,6.0,13.0,12.0,8.0,14.0,15.0,15.0,14.0,6.0,7.0,17.0,8.0,11.0,7.0,16.0,15.0,18.0,15.0,15.0,13.0,13.0,15.0,8.0,2024-02-02 10:03:28.145746+00:00,11.0,5.0,,
5.0,42.0,14.0,15.0,32.0,38.0,42.0,45.0,3.0,43.0,6.0,2.0,7.0,17.0,46.0,13.0,16.0,49.0,15.0,16.0,5.0,13.0,37.0,7.0,17.0,13.0,18.0,46.0,18.0,14.0,13.0,4.0,37.0,11.0,20.0,14.0,10.0,51.0,17.0,10.0,3.0,41.0,9.0,33.0,28.0,14.0,3.0,12.0,32.0,14.0,9.0,3.0,33.0,35.0,75.0,9.0,2.0,29.0,10.0,37.0,9.0,33.0,42.0,5.0,13.0,12.0,44.0,14.0,9.0,33.0,31.0,14.0,9.0,44.0,5.0,4.0,19.0,43.0,22.0,11.0,9.0,54.0,15.0,6.0,2.0,7.0,40.0,10.0,7.0,50.0,7.0,15.0,12.0,9.0,14.0,16.0,7.0,5.0,13.0,43.0,11.0,8.0,17.0,6.0,8.0,6.0,14.0,13.0,8.0,37.0,12.0,3.0,6.0,9.0,14.0,43.0,51.0,16.0,14.0,6.0,15.0,19.0,50.0,34.0,18.0,2024-02-08 11:29:40.047353+00:00,16.0,16.0,22.0,7.0
15.0,5.0,7.0,2.0,6.0,10.0,5.0,5.0,2.0,16.0,4.0,6.0,16.0,10.0,23.0,4.0,2.0,6.0,10.0,5.0,4.0,14.0,23.0,3.0,3.0,12.0,3.0,13.0,10.0,5.0,10.0,10.0,4.0,12.0,6.0,7.0,9.0,10.0,6.0,12.0,3.0,3.0,4.0,3.0,4.0,4.0,15.0,4.0,3.0,8.0,11.0,11.0,8.0,5.0,2.0,13.0,3.0,11.0,8.0,5.0,10.0,8.0,12.0,6.0,7.0,7.0,10.0,3.0,10.0,3.0,8.0,6.0,5.0,26.0,3.0,9.0,6.0,14.0,6.0,11.0,5.0,2.0,3.0,3.0,8.0,4.0,4.0,3.0,11.0,6.0,4.0,21.0,8.0,6.0,5.0,10.0,9.0,5.0,5.0,98.0,2.0,26.0,9.0,7.0,8.0,4.0,15.0,5.0,2.0,11.0,15.0,25.0,6.0,19.0,14.0,9.0,7.0,7.0,9.0,27.0,9.0,4.0,5.0,8.0,4.0,2024-02-09 13:32:05.551536+00:00,,,,
2.0,2.0,2.0,3.0,2.0,3.0,10.0,3.0,3.0,3.0,4.0,2.0,3.0,3.0,6.0,4.0,3.0,2.0,3.0,2.0,5.0,3.0,1.0,2.0,6.0,2.0,1.0,1.0,3.0,4.0,4.0,0.0,1.0,1.0,1.0,2.0,1.0,2.0,1.0,1.0,0.0,0.0,1.0,10.0,1.0,1.0,1.0,2.0,3.0,3.0,3.0,2.0,2.0,3.0,10.0,5.0,2.0,3.0,2.0,4.0,4.0,3.0,3.0,5.0,3.0,3.0,2.0,3.0,2.0,2.0,1.0,1.0,2.0,1.0,2.0,1.0,1.0,1.0,1.0,1.0,1.0,2.0,1.0,0.0,1.0,1.0,1.0,1.0,1.0,1.0,2.0,3.0,3.0,2.0,3.0,3.0,2.0,1.0,2.0,4.0,9.0,3.0,2.0,3.0,16.0,4.0,3.0,6.0,6.0,6.0,3.0,7.0,4.0,4.0,2.0,9.0,5.0,6.0,13.0,16.0,6.0,2.0,4.0,1.0,9.0,2024-02-16 14:08:50.388319+00:00,3.0,8.0,2.0,1.0
4.0,7.0,11.0,6.0,7.0,15.0,9.0,9.0,9.0,8.0,15.0,3.0,15.0,8.0,18.0,15.0,10.0,4.0,3.0,6.0,5.0,12.0,10.0,14.0,5.0,5.0,5.0,10.0,15.0,12.0,13.0,6.0,10.0,12.0,7.0,4.0,7.0,13.0,6.0,6.0,5.0,3.0,4.0,21.0,8.0,5.0,3.0,12.0,3.0,10.0,12.0,7.0,14.0,12.0,5.0,5.0,2.0,6.0,13.0,5.0,18.0,15.0,9.0,8.0,16.0,8.0,20.0,17.0,12.0,8.0,5.0,19.0,15.0,6.0,5.0,8.0,4.0,4.0,8.0,9.0,11.0,5.0,7.0,3.0,12.0,4.0,15.0,8.0,5.0,12.0,5.0,6.0,15.0,12.0,9.0,6.0,12.0,10.0,14.0,16.0,8.0,50.0,4.0,1.0,6.0,11.0,9.0,17.0,10.0,11.0,9.0,7.0,5.0,13.0,14.0,23.0,12.0,8.0,12.0,12.0,10.0,8.0,15.0,15.0,10.0,2024-02-22 13:42:47.295649+00:00,26.0,5.0,5.0,
4.0,6.0,11.0,5.0,6.0,12.0,8.0,8.0,6.0,7.0,11.0,3.0,12.0,7.0,17.0,14.0,9.0,4.0,4.0,5.0,4.0,11.0,14.0,13.0,4.0,5.0,4.0,10.0,14.0,10.0,10.0,4.0,7.0,15.0,7.0,4.0,6.0,10.0,4.0,5.0,4.0,2.0,3.0,18.0,8.0,4.0,2.0,9.0,3.0,8.0,9.0,4.0,10.0,10.0,5.0,5.0,2.0,6.0,11.0,6.0,14.0,11.0,9.0,9.0,15.0,7.0,20.0,30.0,8.0,8.0,4.0,18.0,12.0,6.0,4.0,6.0,3.0,4.0,7.0,8.0,9.0,4.0,5.0,3.0,10.0,4.0,12.0,8.0,5.0,10.0,4.0,5.0,13.0,11.0,8.0,6.0,11.0,8.0,14.0,12.0,7.0,22.0,4.0,3.0,5.0,14.0,11.0,12.0,7.0,10.0,10.0,7.0,4.0,11.0,12.0,10.0,10.0,7.0,30.0,11.0,9.0,7.0,13.0,11.0,10.0,2024-02-22 14:21:03.910465+00:00,14.0,4.0,4.0,
11.0,8.0,4.0,12.0,6.0,14.0,7.0,8.0,8.0,16.0,12.0,3.0,3.0,4.0,8.0,3.0,3.0,5.0,3.0,4.0,2.0,6.0,5.0,9.0,9.0,4.0,2.0,9.0,16.0,17.0,3.0,3.0,13.0,6.0,2.0,14.0,2.0,5.0,9.0,2.0,2.0,3.0,16.0,16.0,16.0,10.0,11.0,5.0,8.0,3.0,7.0,11.0,8.0,15.0,13.0,20.0,9.0,17.0,3.0,2.0,7.0,3.0,8.0,5.0,2.0,3.0,10.0,10.0,5.0,2.0,3.0,8.0,17.0,4.0,5.0,3.0,2.0,6.0,3.0,21.0,10.0,4.0,16.0,2.0,2.0,6.0,9.0,9.0,4.0,8.0,8.0,8.0,4.0,4.0,4.0,7.0,5.0,3.0,5.0,10.0,12.0,10.0,7.0,5.0,8.0,2.0,11.0,5.0,18.0,12.0,8.0,12.0,13.0,2.0,4.0,5.0,3.0,23.0,5.0,8.0,11.0,19.0,8.0,6.0,6.0,2024-02-28 10:34:38.607370+00:00,4.0,18.0,13.0,3.0
6.0,21.0,11.0,5.0,6.0,18.0,10.0,9.0,8.0,18.0,14.0,5.0,25.0,24.0,16.0,19.0,9.0,6.0,11.0,17.0,11.0,8.0,23.0,17.0,3.0,16.0,17.0,21.0,25.0,16.0,16.0,4.0,7.0,12.0,17.0,21.0,14.0,17.0,18.0,19.0,13.0,14.0,19.0,17.0,21.0,8.0,15.0,21.0,19.0,16.0,19.0,16.0,16.0,17.0,25.0,22.0,15.0,8.0,7.0,19.0,17.0,30.0,17.0,12.0,9.0,21.0,9.0,19.0,20.0,30.0,24.0,13.0,11.0,22.0,12.0,5.0,11.0,37.0,8.0,14.0,7.0,8.0,12.0,5.0,16.0,18.0,8.0,26.0,16.0,3.0,2.0,15.0,18.0,6.0,14.0,5.0,15.0,4.0,17.0,17.0,18.0,7.0,4.0,11.0,17.0,17.0,16.0,23.0,17.0,20.0,4.0,3.0,10.0,18.0,15.0,17.0,37.0,24.0,29.0,16.0,21.0,7.0,20.0,18.0,26.0,2024-03-07 11:35:10.576954+00:00,29.0,30.0,7.0,4.0
16.0,12.0,2.0,14.0,3.0,11.0,9.0,2.0,2.0,10.0,15.0,5.0,3.0,7.0,13.0,3.0,3.0,2.0,6.0,10.0,6.0,6.0,10.0,2.0,4.0,6.0,13.0,15.0,4.0,2.0,2.0,1.0,8.0,12.0,13.0,2.0,2.0,6.0,10.0,10.0,4.0,2.0,7.0,7.0,2.0,2.0,1.0,4.0,7.0,12.0,9.0,3.0,8.0,17.0,4.0,3.0,1.0,3.0,10.0,5.0,13.0,7.0,5.0,4.0,4.0,10.0,10.0,5.0,4.0,14.0,10.0,10.0,2.0,4.0,5.0,6.0,3.0,4.0,2.0,1.0,1.0,2.0,4.0,6.0,5.0,3.0,14.0,3.0,3.0,2.0,4.0,8.0,7.0,12.0,8.0,5.0,5.0,4.0,11.0,13.0,2.0,2.0,2.0,7.0,14.0,3.0,8.0,8.0,3.0,48.0,2.0,5.0,13.0,9.0,16.0,12.0,12.0,10.0,10.0,16.0,2.0,2.0,2.0,12.0,26.0,2024-03-13 10:48:09.192211+00:00,8.0,18.0,1.0,3.0
9.0,12.0,9.0,7.0,4.0,21.0,17.0,6.0,2.0,8.0,4.0,14.0,17.0,11.0,12.0,4.0,4.0,7.0,16.0,10.0,10.0,4.0,8.0,13.0,4.0,13.0,10.0,16.0,17.0,12.0,12.0,2.0,16.0,9.0,9.0,6.0,7.0,18.0,5.0,4.0,4.0,14.0,11.0,16.0,4.0,7.0,3.0,17.0,9.0,13.0,7.0,118.0,9.0,7.0,29.0,4.0,3.0,4.0,11.0,10.0,16.0,16.0,13.0,14.0,10.0,9.0,3.0,5.0,13.0,8.0,20.0,19.0,6.0,6.0,4.0,18.0,7.0,11.0,10.0,3.0,4.0,4.0,8.0,4.0,8.0,8.0,19.0,19.0,2.0,4.0,6.0,3.0,13.0,15.0,4.0,8.0,4.0,6.0,12.0,15.0,15.0,118.0,3.0,2.0,13.0,15.0,18.0,12.0,16.0,3.0,5.0,4.0,9.0,28.0,60.0,5.0,24.0,20.0,29.0,12.0,6.0,14.0,15.0,17.0,13.0,2024-03-19 11:55:24.248511+00:00,14.0,10.0,4.0,
2.0,2.0,2.0,3.0,2.0,2.0,4.0,2.0,1.0,2.0,3.0,3.0,4.0,3.0,6.0,1.0,1.0,2.0,3.0,19.0,10.0,13.0,7.0,1.0,3.0,5.0,13.0,15.0,3.0,2.0,16.0,6.0,3.0,4.0,4.0,3.0,2.0,16.0,3.0,3.0,4.0,4.0,5.0,5.0,1.0,2.0,3.0,2.0,2.0,3.0,12.0,3.0,4.0,11.0,4.0,2.0,2.0,2.0,5.0,18.0,5.0,8.0,3.0,4.0,5.0,4.0,4.0,5.0,18.0,8.0,18.0,3.0,2.0,2.0,7.0,2.0,15.0,4.0,1.0,2.0,2.0,2.0,15.0,4.0,12.0,2.0,8.0,3.0,2.0,1.0,2.0,2.0,7.0,11.0,2.0,4.0,13.0,8.0,16.0,7.0,6.0,2.0,2.0,4.0,11.0,2.0,4.0,13.0,44.0,4.0,3.0,10.0,7.0,7.0,3.0,10.0,14.0,6.0,5.0,2.0,8.0,4.0,4.0,8.0,19.0,2024-03-22 14:06:34.582278+00:00,7.0,2.0,,
3.0,5.0,6.0,6.0,2.0,3.0,10.0,5.0,21.0,12.0,7.0,3.0,3.0,8.0,17.0,13.0,8.0,12.0,8.0,6.0,17.0,11.0,1.0,13.0,16.0,9.0,11.0,22.0,13.0,13.0,9.0,5.0,3.0,5.0,7.0,8.0,7.0,13.0,3.0,5.0,4.0,2.0,2.0,13.0,10.0,4.0,3.0,17.0,5.0,10.0,8.0,48.0,11.0,15.0,19.0,10.0,4.0,7.0,8.0,7.0,6.0,20.0,4.0,8.0,4.0,10.0,11.0,6.0,10.0,6.0,2.0,9.0,5.0,17.0,6.0,3.0,1.0,2.0,8.0,5.0,7.0,3.0,16.0,8.0,4.0,4.0,6.0,8.0,3.0,3.0,2.0,3.0,11.0,12.0,9.0,14.0,6.0,5.0,15.0,9.0,8.0,141.0,3.0,3.0,3.0,10.0,15.0,23.0,4.0,5.0,9.0,13.0,37.0,15.0,37.0,20.0,34.0,3.0,15.0,10.0,11.0,12.0,10.0,17.0,31.0,2024-03-25 10:33:29.975381+00:00,4.0,,,
2.0,8.0,3.0,14.0,13.0,4.0,3.0,2.0,6.0,12.0,12.0,2.0,17.0,6.0,2.0,15.0,3.0,1.0,4.0,6.0,11.0,14.0,17.0,4.0,5.0,4.0,11.0,16.0,5.0,7.0,8.0,17.0,2.0,11.0,17.0,9.0,2.0,3.0,16.0,12.0,2.0,12.0,18.0,11.0,2.0,2.0,2.0,5.0,15.0,12.0,8.0,18.0,3.0,9.0,5.0,4.0,2.0,2.0,4.0,14.0,11.0,7.0,3.0,7.0,2.0,12.0,2.0,2.0,2.0,4.0,5.0,9.0,2.0,3.0,8.0,4.0,14.0,14.0,7.0,4.0,2.0,9.0,2.0,15.0,6.0,8.0,9.0,4.0,3.0,2.0,10.0,4.0,14.0,13.0,2.0,12.0,8.0,4.0,20.0,18.0,3.0,12.0,3.0,5.0,17.0,4.0,8.0,12.0,4.0,8.0,5.0,4.0,12.0,9.0,14.0,16.0,5.0,2.0,10.0,39.0,3.0,7.0,9.0,16.0,17.0,2024-03-27 16:06:09.664661+00:00,7.0,14.0,4.0,1.0
4.0,7.0,10.0,5.0,4.0,18.0,6.0,5.0,7.0,6.0,5.0,7.0,9.0,16.0,12.0,7.0,12.0,16.0,10.0,15.0,7.0,11.0,15.0,14.0,12.0,7.0,9.0,27.0,13.0,11.0,17.0,14.0,4.0,8.0,15.0,18.0,4.0,6.0,4.0,8.0,4.0,14.0,5.0,21.0,14.0,15.0,8.0,8.0,10.0,4.0,11.0,9.0,20.0,14.0,11.0,16.0,5.0,13.0,6.0,14.0,19.0,26.0,20.0,12.0,13.0,4.0,18.0,16.0,5.0,7.0,7.0,15.0,8.0,11.0,5.0,12.0,10.0,8.0,17.0,12.0,7.0,10.0,7.0,8.0,9.0,3.0,17.0,11.0,12.0,9.0,13.0,7.0,7.0,7.0,8.0,6.0,7.0,12.0,11.0,16.0,14.0,11.0,4.0,12.0,16.0,11.0,13.0,17.0,7.0,15.0,7.0,11.0,11.0,11.0,15.0,6.0,16.0,23.0,19.0,12.0,9.0,11.0,19.0,25.0,24.0,2024-04-08 10:55:10.799082+00:00,20.0,16.0,3.0,
